"","start","end","survey_type","survey_id","survey_version","country","community","sex","gear_handline","gear_spear","gear_traps","gear_gill_net","gear_mobile_net","gear_stationary_line","gear_other","other_gear","tech_smartphone","tech_maps","tech_socialmedia","tech_other","tech_no_tech","other_tech","fishtech_vhf","fishtech_fishfinder","fishtech_survcam","fishtech_catchapp","fishtech_vesseltrack","fishtech_gps","fishtech_other","fishtech_none","other_fishtech","text_vms","choice","package_nopackage","wtp_1","wtp_2","wtp_3","wtp_4","wtr_1","wtr_2","wtr_3","wtr_4","design_a","design_b","design_c","design_d","design_e","design_f","design_g","design_h","design_i","fraction_personal","fraction_neighbor","fraction_local_trade","fraction_export","fraction_other","other_fraction","mpa","rank_one","rank_two","rank_three","rank_four","age","years_fishing","education","other_education","income","income_fishing","income_expenses"
"1",2019-06-27 07:08:51,2019-07-02 04:33:33,"D",1014,6,"IND","RAJ","M",1,0,0,0,0,0,0,,1,0,0,0,0,,0,0,0,0,0,0,0,1,,,2,1,"y","y","n",,,,,,1,0,0,1,1,0,0,0,0,100,0,0,0,0,,"y","weather","pollution","iuu","corruption",50,15,"vocational",,,,
"2",2019-06-29 07:03:46,2019-07-02 04:40:02,"D",1015,7,"IND","RAJ","M",1,0,0,0,0,0,0,,0,0,0,0,1,,0,0,0,0,0,0,0,1,,,1,1,"y","y","n",,,,,,0,0,0,1,0,0,0,1,1,25,0,75,0,0,,"y","pollution","iuu","weather","corruption",42,30,"secondary",,,,
"3",2019-06-29 07:17:28,2019-07-02 04:32:12,"D",1016,8,"IND","RAJ","M",1,0,0,0,0,0,0,,1,0,0,0,0,,0,0,0,0,0,0,0,1,,,2,1,"y","n",,,,,,,0,0,1,0,1,0,0,1,0,50,0,50,0,0,,"y","weather","pollution","iuu","corruption",37,16,"secondary",,,,
"4",2019-06-29 07:27:49,2019-07-02 04:22:39,"D",1017,9,"IND","RAJ","M",1,0,0,0,0,0,0,,1,0,0,0,0,,0,0,0,0,0,0,0,1,,,1,1,"y","y","n",,,,,,0,1,0,1,1,0,0,0,0,20,0,80,0,0,,"y",,,"weather",,40,15,"primary",,,,
"5",2019-06-29 07:35:53,2019-07-02 04:31:11,"D",1012,10,"IND","RAJ","M",1,0,0,0,0,0,0,,0,0,0,0,1,,0,0,0,0,0,,0,1,,,2,1,"y","n",,,,,,,0,0,1,0,0,0,1,0,1,25,0,75,0,0,,"y",,,,"pollution",52,30,"vocational",,,,
"6",2019-06-29 10:18:00,2019-07-02 04:29:42,"D",1001,3,"IND","RAJ","M",1,0,0,0,0,0,0,,1,0,1,0,0,,0,0,0,0,0,0,0,1,,,1,0,,,,,"n","y",,,0,0,1,1,0,0,0,1,0,10,0,90,0,0,,"y","pollution","iuu","weather","corruption",19,1,"secondary","Junior high school equivalent",1e+06,100,50
"7",2019-06-29 11:25:55,2019-07-02 04:27:37,"D",1002,14,"IND","RAJ","M",1,0,0,0,0,0,0,,1,1,0,0,0,,1,1,0,0,1,0,0,0,"VMS",,2,1,"y","y","n",,,,,,0,0,0,0,0,0,1,1,1,50,25,25,0,0,,"y","weather","iuu","corruption","pollution",41,25,"secondary",,1e+06,100,80
"8",2019-06-29 11:47:45,2019-07-02 04:23:44,"D",1003,10,"IND","RAJ","M",1,0,0,0,0,0,0,,0,0,0,0,1,,0,0,0,0,0,0,0,1,,,2,1,"n",,,,,,,,0,0,1,0,0,0,1,1,0,60,40,0,0,0,,"y",,,,"pollution",68,55,"primary",,1500000,30,20
"9",2019-06-29 12:00:41,2019-07-02 04:13:27,"D",1004,5,"IND","RAJ","M",1,1,0,0,0,0,0,,0,0,0,0,1,,0,0,0,0,0,0,0,1,,,1,1,"y","y","n",,,,,,0,0,1,1,1,0,0,0,0,0,0,20,0,0,,"y","pollution",,,,56,15,"primary",,1e+06,100,50
"10",2019-06-29 14:37:29,2019-07-02 04:08:45,"D",1005,11,"IND","RAJ","M",1,1,0,0,0,0,0,,0,0,0,0,1,,0,0,0,0,0,0,0,1,,,1,1,"y","y","n",,,,,,0,0,1,1,1,0,0,0,0,50,50,0,0,0,"Mayoritas untuk dijual untuk rumah sendiri duku baru ke tetangga.. mayiritas untuk jual","y",,"weather","pollution",,59,30,"secondary","Junior high school equivalent",,100,20
"11",2019-06-29 14:56:28,2019-07-02 04:04:05,"D",1006,1,"IND","RAJ","M",1,0,0,0,0,0,0,,1,0,1,0,0,,0,0,0,0,0,0,0,1,,,2,0,,,,,"y",,,,0,1,1,1,0,0,0,0,0,30,10,60,0,0,,"y","iuu","weather","pollution","corruption",26,7,"secondary",,1e+06,50,25
"12",2019-06-30 00:11:15,2019-07-02 04:00:21,"D",1007,2,"IND","RAJ","M",1,0,0,0,0,0,0,,1,0,1,0,0,,0,0,0,0,0,0,0,1,,,1,1,"y","y","y","y",,,,,,,,,,,,,,30,20,50,0,0,,"n","corruption","weather","iuu","pollution",23,11,"secondary",,1100000,100,80
"13",2019-06-30 00:38:56,2019-07-02 03:53:56,"D",1013,3,"IND","RAJ","M",1,0,0,0,0,0,0,,0,0,0,0,1,,0,0,0,0,0,0,0,1,,,2,1,"y","y","y","n",,,,,0,1,1,1,0,0,0,0,0,30,70,0,0,0,,"y","iuu","corruption","pollution","weather",33,15,"secondary",,1500000,70,40
"14",2019-06-30 05:21:47,2019-07-02 03:50:36,"D",1011,4,"IND","RAJ","M",1,0,0,0,0,0,0,,0,0,0,0,1,,0,0,0,0,0,0,0,1,,,1,0,,,,,"n","y",,,0,1,1,1,0,0,0,0,0,30,20,50,0,0,,"n","iuu","corruption","weather","pollution",37,5,"primary",,4e+06,25,10
"15",2019-06-30 06:05:54,2019-07-02 03:46:07,"D",1009,6,"IND","RAJ","M",1,1,0,0,0,0,0,,0,0,0,0,1,,0,0,0,0,0,0,0,1,,,2,1,"y","y","n",,,,,,0,0,1,0,0,1,0,0,1,70,20,10,0,0,,"n","weather","iuu","pollution","corruption",46,34,"secondary",,1e+05,100,80
"16",2019-06-30 06:20:30,2019-07-02 03:38:27,"D",1010,16,"IND","RAJ","M",1,0,1,0,0,0,0,,,,,,,,,,,,,,,,,,2,1,"n",,,,,,,,,,,,,,,,,50,10,40,0,0,,"y","weather","iuu","pollution","corruption",42,30,"primary",,8e+06,75,65
"17",2019-06-30 07:13:32,2019-07-02 03:37:54,"D",1018,7,"IND","RAJ","M",1,1,0,0,0,0,0,"Speargun",,,,,,,,,,,,,,,,,1,1,"y","y","y","y",,,,,,,,,,,,,,20,10,70,0,0,,"y","corruption","weather","iuu","weather",40,28,"primary",,1e+06,100,50
"18",2019-07-01 07:53:49,2019-07-02 02:43:22,"D",3001,4,"IND","MAK","M",0,0,1,0,0,0,0,,0,0,0,0,1,,0,0,0,0,0,0,0,1,,,2,1,"y","y","n",,,,,,0,1,1,0,0,1,1,0,1,10,85,0,0,,,"y","pollution","weather","iuu","corruption",40,20,"primary",,1500000,100,40
"19",2019-07-01 15:46:47,2019-07-01 16:00:41,"D",1008,11,"IND","RAJ","M",1,1,0,0,0,0,0,,1,0,0,0,0,,0,0,0,0,0,0,0,1,,,1,0,,,,,"y",,,,1,0,1,0,0,0,0,0,1,20,20,60,0,0,,"y","weather","pollution","iuu","corruption",33,9,"primary","SD kelas 2",3e+06,100,35
"20",2019-07-01 16:00:41,2019-07-02 02:43:57,"D",2002,7,"IND","MNC","M",0,0,0,0,1,0,0,"Traditional net",1,0,0,0,0,,0,0,0,0,0,0,0,1,,,1,0,,,,,"n","n","n","n",,,,,,,,,,10,0,0,0,90,"Supply chain ends at middle man. UNK if exported","n","pollution","iuu","weather","corruption",40,24,"no_formal",,1e+07,100,10
"21",2019-07-02 02:43:57,2019-07-02 03:00:47,"D",2003,8,"IND","MNC","M",0,0,0,0,1,0,0,"Traditional net",1,1,1,0,0,,0,0,0,0,0,0,0,1,,,2,0,,,,,"n","n","n","n",0,1,1,1,0,0,0,0,0,10,0,0,0,90,"Supply chain ends at middle man. UNK if exported","n","pollution","iuu","weather","corruption",36,9,"primary",,1e+07,100,10
"22",2019-07-02 02:44:15,2019-07-02 02:53:42,"D",3002,5,"IND","MAK","M",0,0,1,0,0,0,0,,0,0,0,0,1,,0,0,0,0,0,0,0,1,,,1,0,,,,,"y",,,,0,0,1,0,0,0,0,0,0,10,,90,,,,"y","pollution","weather","corruption","iuu",50,30,"primary",,2e+06,100,60
"23",2019-07-02 02:44:31,2019-07-02 03:52:24,"D",3003,10,"IND","MAK","M",0,0,0,0,1,0,0,"Boat sein (payang)",1,0,0,0,0,,0,0,0,0,0,0,0,1,,,1,0,,,,,"n","n","n","n",0,1,1,0,1,0,0,0,0,5,,95,,0,,"n","weather","pollution","iuu","corruption",39,31,"primary",,3e+06,100,15
"24",2019-07-02 03:00:48,2019-07-02 03:22:10,"D",2004,9,"IND","MNC","M",0,0,0,0,1,0,0,"Traditional net",,,,,,,0,0,0,0,0,0,0,1,,,1,0,,,,,"n","n","n","n",0,0,1,0,0,0,0,0,0,10,0,0,0,90,"Supply chain ends at middle man. UNK if exported","n","pollution","weather","iuu","corruption",40,30,"primary",,1e+07,100,10
"25",2019-07-02 03:01:34,2019-07-02 03:10:41,"D",3004,7,"IND","MAK","M",0,0,0,0,1,0,0,"jaring untuk ikan teri",0,0,0,0,1,,0,0,0,0,0,0,0,1,,,2,0,,,,,"y",,,,0,0,1,0,0,0,0,0,0,,,100,,,,"n","weather","corruption","iuu","pollution",37,8,"primary",,1e+06,100,0
"26",2019-07-02 03:13:08,2019-07-02 03:27:56,"D",3005,7,"IND","MAK","M",0,0,0,0,1,0,0,,1,0,1,0,0,,0,0,0,0,0,0,0,1,,,1,1,"y","n",,,,,,,0,1,1,0,0,0,0,0,0,15,0,85,,,,"y","weather","iuu","corruption","pollution",30,15,"secondary",,2500000,100,0
"27",2019-07-02 03:22:11,2019-07-02 03:30:02,"D",2001,10,"IND","MNC","M",0,0,0,0,1,0,0,"Traditional net",,,,,,,0,0,0,0,0,0,0,1,,,2,0,,,,,"n","n","n","n",0,0,1,1,0,0,1,0,0,10,0,0,0,90,"Supply chain ends at middle man. UNK if exported","n","pollution","iuu","weather","corruption",54,3,"secondary",,1e+06,100,10
"28",2019-07-02 03:27:26,2019-07-02 03:51:02,"D",3006,11,"IND","MAK","M",0,0,0,0,1,0,0,"Beach sein (payang, jaring tarik)",1,0,0,0,0,,0,0,0,0,0,0,0,1,,,2,0,,,,,"n","n","n","n",0,1,1,0,1,0,0,0,0,,,100,,0,,"n","weather","pollution","iuu","corruption",41,30,"primary","Kelas 1 SD",2500000,100,20
"29",2019-07-02 03:51:53,2019-07-02 03:59:47,"D",3007,8,"IND","MAK","M",0,0,0,0,1,0,0,,0,0,0,0,1,,0,0,0,0,0,0,0,1,,,2,1,"y","y","n",,,,,,0,0,1,0,0,0,0,0,0,0,,100,,,,"n","weather","iuu","corruption","pollution",35,20,"primary",,1e+06,100,0
"30",2019-07-02 04:02:38,2019-07-02 04:16:01,"D",3008,9,"IND","MAK","M",0,0,1,0,0,0,0,,1,1,0,0,0,,0,0,0,0,1,1,0,0,"gps",,1,1,"n",,,,,,,,0,1,1,0,0,0,0,0,0,,0,100,,,,"n","pollution","iuu","weather","corruption",45,30,"no_formal",,2500000,100,50
"31",2019-07-02 04:06:02,2019-07-02 04:51:57,"D",3009,13,"IND","MAK","M",0,0,1,0,0,0,0,,1,0,0,0,0,,0,1,0,0,1,1,1,0,"GPS dan fish finder, solar panel",,2,1,"n",,,,,,,,0,1,1,0,1,0,0,0,0,0,0,100,0,,,"n","corruption","weather","iuu","pollution",75,13,"no_formal","Sekolah rakyat (nama sebelum SD)",2500000,100,20
"32",2019-07-02 04:21:28,2019-07-02 04:32:48,"D",3010,10,"IND","MAK","M",0,0,0,0,1,0,0,"Boat sein (payang)",0,0,0,0,1,,0,0,0,0,0,0,0,1,,,2,1,"y","n",,,,,,,0,0,1,0,0,0,0,0,0,,,100,,,,"y","weather","corruption","pollution","iuu",19,4,"primary",,1e+06,100,0
"33",2019-07-02 04:49:38,2019-07-02 05:04:31,"D",3011,10,"IND","MAK","M",0,0,0,0,0,0,1,"castnet (jaring ditebar)",0,0,0,0,1,,0,0,0,0,0,0,0,1,,,2,1,"y","y","n",,,,,,0,1,1,0,0,0,0,0,0,20,,80,,,,"y","weather","pollution","iuu","corruption",46,20,"secondary",,2e+06,100,30
"34",2019-07-02 05:19:16,2019-07-02 05:28:42,"D",3012,11,"IND","MAK","M",0,0,0,0,0,0,1,"jaring rajungan",0,0,0,0,1,,0,0,0,0,0,0,0,1,,,1,1,"n",,,,,,,,0,0,1,0,0,0,0,0,0,,,100,,,,"n","weather","pollution",,,32,9,"primary",,2e+06,100,0
"35",2019-07-02 05:29:47,2019-07-02 05:49:55,"D",3013,11,"IND","MAK","M",0,0,0,0,0,0,1,"jaring rajungan",1,0,0,0,0,,0,0,0,0,0,0,0,1,,,1,1,"y","n",,,,,,,0,0,1,0,0,0,0,0,0,5,0,95,,,,"n","iuu","weather","corruption","pollution",39,29,"primary",,2e+06,100,55
"36",2019-07-02 05:53:12,2019-07-02 06:24:18,"D",3014,14,"IND","MAK","M",0,0,0,0,1,0,0,"Purse seine",1,0,0,0,0,,0,0,0,0,0,0,0,1,"Hanya handphone yang dibawa nelayan",,2,0,,,,,"n","y",,,0,1,1,0,1,0,0,0,0,10,0,90,0,0,"Crew consumption","n","weather","iuu","corruption","pollution",60,50,"primary",,2e+07,100,10
"37",2019-07-02 06:39:45,2019-07-02 07:17:23,"D",3015,14,"IND","MAK","M",0,0,0,1,0,0,0,"monofilament gillnets (Rampus)",1,0,0,0,0,,0,0,0,0,0,0,0,1,,,2,1,"n",,,,,,,,0,1,1,0,1,0,0,0,0,0,0,100,0,0,,"n","pollution","weather","iuu","corruption",47,30,"primary",,2500000,100,10
"38",2019-07-02 07:01:25,2019-07-02 07:16:17,"D",3016,9,"IND","MAK","M",0,0,0,0,0,0,1,"monofilament gillnets (jaring rampus)",1,0,0,0,0,,0,0,0,0,0,0,0,1,,,1,1,"n",,,,,,,,0,1,1,0,1,0,0,0,0,5,0,95,0,0,,"n","pollution","weather","iuu","corruption",42,32,"primary",,3e+06,100,10
"39",2019-07-02 07:28:30,2019-07-02 07:38:14,"D",3017,2,"IND","MAK","M",0,0,0,0,0,0,1,"monofilament gillnets (jaring rampus)",1,0,0,0,0,,0,0,0,0,0,0,0,1,,,1,1,"n",,,,,,,,0,1,1,0,1,0,0,0,0,0,0,100,0,0,,"n","pollution","weather","iuu","corruption",42,30,"primary",,2500000,100,10
"40",2019-07-02 07:39:08,2019-07-02 07:45:08,"D",3018,3,"IND","MAK","M",0,0,0,0,0,0,1,"monofilament gillnets (jaring rampus)",1,0,0,0,0,,0,0,0,0,0,0,0,1,,,2,1,"n",,,,,,,,0,1,1,0,1,0,0,0,0,0,0,100,0,0,,"n","pollution","weather","iuu","corruption",40,25,"primary",,2500000,100,10
"41",2019-07-03 02:19:51,2019-07-03 03:32:18,"D",3019,12,"IND","MAK","M",0,0,1,0,0,0,0,"trap (Bubu)",1,1,0,0,0,,0,0,0,0,0,0,0,1,,,1,1,"y","n",,,,,,,0,1,1,1,1,0,0,0,0,0,0,100,0,0,,"n","weather","pollution","iuu","corruption",39,25,"primary",,2500000,100,5
"42",2019-07-03 02:36:32,2019-07-03 03:33:53,"D",3020,15,"IND","MAK","M",0,0,1,0,0,0,0,,1,0,0,0,0,,0,0,0,0,0,0,1,0,"Kompas",,1,1,"y","n",,,,,,,0,1,1,1,1,0,0,0,0,0,0,100,0,0,,"n","weather","pollution","iuu","corruption",28,17,"primary","Terakhir kelas 4 SD",2e+06,100,20
"43",2019-07-03 02:55:19,2019-07-03 03:35:18,"D",3021,13,"IND","MAK","M",0,0,1,0,0,0,0,,1,0,0,0,0,,0,0,0,0,0,0,0,1,,,2,0,,,,,"n","n","n","n",0,1,1,0,0,0,0,0,0,0,0,100,0,0,,"n","weather","pollution","iuu","corruption",23,10,"primary",,1500000,100,10
"44",2019-07-03 03:07:41,2019-07-03 03:30:37,"D",3022,1,"IND","MAK","M",0,0,0,0,1,0,0,"Purse seine",1,0,0,0,0,,0,0,0,0,0,0,0,1,,,2,1,"y","n",,,,,,,0,0,0,1,1,0,0,0,0,5,0,95,0,0,,"n","weather","iuu","pollution","corruption",59,10,"primary",,2500000,100,10
"45",2019-07-03 03:36:12,2019-07-03 03:52:06,"D",3023,16,"IND","MAK","M",0,0,0,0,1,0,0,"Purse seine",1,0,0,0,0,,0,0,0,0,0,0,0,1,,,2,1,"n",,,,,,,,0,0,0,0,1,0,0,0,0,0,0,100,0,0,,"n","weather","iuu","pollution","corruption",40,5,"primary",,2e+06,100,10
"46",2019-07-03 03:56:28,2019-07-03 04:18:32,"D",3024,12,"IND","MAK","M",0,0,0,0,1,0,0,"Purse seine",1,0,0,0,0,,0,0,0,0,0,0,0,1,,,1,0,,,,,"n","n","n","n",0,0,0,0,1,0,0,0,0,0,0,100,0,0,,"n","weather","pollution","iuu","corruption",40,25,"primary",,3e+06,100,5
"47",2019-07-03 04:19:49,2019-07-03 04:32:20,"D",3025,15,"IND","MAK","M",0,0,0,0,1,0,0,"Purse seine",1,0,0,0,0,,0,0,0,0,0,0,0,1,,,1,0,,,,,"n","n","n","n",0,0,1,0,1,0,0,0,0,0,0,100,0,0,,"n","weather","iuu","pollution","corruption",48,1,"no_formal",,2500000,100,10
"48",2019-07-03 04:35:52,2019-07-03 04:54:29,"D",3026,15,"IND","MAK","M",0,0,0,0,1,0,0,"Purse seine",1,0,0,0,0,,0,0,0,0,0,0,0,1,,,1,1,"y","y","n",,,,,,0,0,1,1,1,0,0,0,0,0,0,100,0,0,,"n","weather","pollution","iuu","corruption",35,20,"primary",,2e+06,100,10
"49",2019-07-03 04:55:42,2019-07-03 05:07:53,"D",3027,12,"IND","MAK","M",0,0,0,0,1,0,0,"Purse seine",1,0,0,0,0,,1,1,0,0,1,1,0,0,"GPS, fish finder",,1,1,"y","y","n",,,,,,0,1,1,1,1,0,0,0,0,0,0,100,0,0,,"n","weather","pollution","iuu","corruption",40,25,"primary",,3e+06,100,10
"50",2019-07-03 06:37:21,2019-07-03 06:48:43,"D",3028,12,"IND","MAK","M",0,0,0,0,1,0,0,"Purse seine",1,0,0,0,0,,0,0,0,0,0,0,0,1,,,1,0,,,,,"y",,,,0,0,0,0,1,0,0,0,0,0,0,100,0,0,,"n","weather","pollution","iuu","corruption",54,20,"primary",,2500000,100,10
"51",2019-07-03 06:49:04,2019-07-03 07:17:17,"D",3029,16,"IND","MAK","M",0,0,1,0,0,0,0,,1,1,0,0,0,,0,0,0,0,1,1,0,0,"GPS garmin 60",,1,1,"y","y","n",,,,,,0,1,1,1,1,0,0,0,0,0,0,100,0,0,,"n","weather","iuu","pollution","corruption",35,22,"primary",,3e+06,100,10
"52",2019-07-03 07:22:38,2019-07-03 07:43:16,"D",3030,1,"IND","MAK","M",0,0,1,0,0,0,0,,0,1,0,0,0,,0,0,0,0,1,1,1,0,"GPS garmin, Kompas",,2,1,"y","y","n",,,,,,0,0,0,1,1,0,0,0,0,0,0,100,0,0,,"n","weather","iuu","pollution","corruption",35,6,"primary",,6e+06,100,10
"53",2019-07-03 07:44:53,2019-07-03 07:54:36,"D",3031,13,"IND","MAK","M",0,0,1,0,0,0,0,,1,1,0,0,0,,0,0,0,0,1,1,1,0,"GPS garmin 60, Echosounder",,2,1,"y","y","n",,,,,,0,0,1,1,1,0,0,0,0,0,0,100,0,0,,"n","weather","iuu","pollution","corruption",29,4,"primary",,2e+06,100,10
"54",2019-07-03 08:00:26,2019-07-03 08:14:23,"D",3032,12,"IND","MAK","M",0,0,1,0,0,0,0,,1,1,0,0,0,,0,0,0,0,1,1,0,0,"GPS garmin 10",,1,1,"y","y","y","n",,,,,0,0,1,1,1,0,0,0,0,0,0,100,0,0,,"n","iuu","weather","pollution","corruption",37,20,"primary",,8e+06,100,10
"55",2019-07-04 03:23:16,2019-07-04 03:41:35,"D",3033,1,"IND","MAK","M",0,0,1,0,0,0,0,,1,1,0,0,0,,0,0,0,0,1,1,0,0,"GPS garmin 10",,2,1,"y","y","n",,,,,,0,0,1,1,1,0,0,0,0,0,0,100,0,0,,"n","iuu","weather","pollution","corruption",48,35,"primary",,2e+07,100,40
"56",2019-07-04 03:42:07,2019-07-04 04:05:14,"D",3034,2,"IND","MAK","M",0,0,0,0,1,0,0,"Liftnet (Jaring angkat)",1,0,0,0,0,,0,0,0,0,0,0,0,1,,,1,0,,,,,"n","n","n","n",0,1,1,0,0,0,0,0,0,0,0,100,0,0,,"n","pollution","weather","iuu","corruption",39,25,"primary",,3e+06,100,10
"57",2019-07-04 04:06:40,2019-07-04 04:27:27,"D",3035,3,"IND","MAK","M",0,0,0,0,1,0,0,"Liftnet (Jaring angkat)",1,0,0,0,0,,1,1,0,0,1,1,0,0,"Gps",,2,0,,,,,"n","n","n","n",0,1,1,1,0,0,0,0,0,0,0,100,0,0,,"n","pollution","weather","iuu","corruption",32,22,"primary",,3e+06,100,10
"58",2019-07-04 04:46:14,2019-07-04 05:07:37,"D",3036,3,"IND","MAK","M",0,0,1,0,0,0,0,,1,1,0,0,0,,1,1,0,0,1,1,0,0,"GPS garmin 10, Solar panel",,2,1,"y","y","n",,,,,,0,0,1,1,1,0,0,1,0,0,0,100,0,0,,"n","iuu","weather","pollution","corruption",39,22,"primary",,2e+07,100,40
"59",2019-07-04 06:28:05,2019-07-04 06:35:22,"D",3037,5,"IND","MAK","M",0,0,1,0,0,0,0,"trap (Bubu)",1,1,0,0,0,,1,1,0,0,1,1,0,0,"GPS garmin",,2,1,"y","y","n",,,,,,0,0,1,1,1,0,0,0,0,0,0,100,0,0,,"n","weather","iuu","pollution","corruption",40,21,"primary",,8e+06,100,15
"60",2019-07-04 06:37:54,2019-07-04 06:44:48,"D",3038,6,"IND","MAK","M",0,0,0,0,1,0,1,"pullnet (Jaring tarik)",1,0,0,0,0,,0,0,0,0,0,0,0,1,,,2,0,,,,,"n","n","n","n",0,0,1,0,0,0,0,0,0,0,0,100,0,0,,"n","pollution","weather","iuu","corruption",35,20,"primary",,2e+06,100,10
"61",2019-07-04 06:45:43,2019-07-04 06:52:45,"D",3039,7,"IND","MAK","M",0,0,0,0,1,0,0,"Purse seine",1,0,0,0,0,,0,0,0,0,0,0,0,1,,,1,0,,,,,"n","n","n","n",0,1,1,0,1,0,0,0,0,0,0,100,0,0,,"n","weather","pollution","iuu","corruption",40,25,"primary",,2e+06,100,10
"62",2019-07-04 07:12:10,2019-07-04 07:21:54,"D",3040,8,"IND","MAK","M",0,0,0,0,1,0,1,"pullnet (Jaring tarik)",1,0,0,0,0,,0,0,0,0,0,0,0,1,,,2,0,,,,,"n","n","n","n",0,0,1,0,0,0,0,0,0,0,0,100,0,0,,"n","weather","pollution","iuu","corruption",39,25,"primary",,4e+06,100,20
"63",2019-07-04 07:30:55,2019-07-04 07:43:09,"D",3041,9,"IND","MAK","M",0,0,0,0,1,0,0,"Purse seine",1,0,0,0,0,,0,0,0,0,0,0,0,1,,,1,1,"y","n",,,,,,,0,1,1,1,1,0,0,0,0,0,0,100,0,0,,"n","weather","pollution","iuu","corruption",40,25,"primary",,2500000,100,20
"64",2019-07-04 07:44:49,2019-07-04 07:58:09,"D",3042,10,"IND","MAK","M",0,0,0,0,1,0,0,"Purse seine",1,0,0,0,0,,1,1,0,0,1,1,0,0,"GPS garmin 10",,2,1,"y","y","n",,,,,,0,1,1,1,1,0,0,0,0,0,0,100,0,0,,"n","weather","pollution","iuu","corruption",33,20,"secondary",,3e+06,100,20
"65",2019-07-04 07:58:42,2019-07-04 08:14:28,"D",3043,11,"IND","MAK","M",0,0,0,0,1,0,0,"Purse seine",1,0,0,0,0,,0,0,0,0,0,0,0,1,,,1,1,"y","n",,,,,,,0,1,1,0,1,0,0,0,0,0,0,100,0,0,,"n","weather","pollution","iuu","corruption",38,25,"primary",,2e+06,100,15
"66",2019-07-04 08:15:24,2019-07-05 03:20:51,"D",3044,12,"IND","MAK","M",0,0,0,0,1,0,0,"Purse seine",1,0,0,0,0,,0,0,0,0,0,0,0,1,,,1,1,"y","n",,,,,,,0,1,1,0,1,0,0,0,0,0,0,100,0,0,,"n","weather","pollution","iuu","corruption",38,20,"primary",,2e+06,100,10
"67",2019-07-04 08:59:44,2019-07-05 03:21:00,"D",3045,13,"IND","MAK","M",0,0,1,0,0,0,0,,1,0,0,0,0,,0,0,0,0,0,0,1,0,"Kompas",,2,1,"y","n",,,,,,,0,0,1,1,1,0,0,0,0,0,0,100,0,0,,"n","weather","pollution","iuu","corruption",40,20,"primary",,2e+06,100,15
"68",2019-07-04 09:20:11,2019-07-05 05:55:33,"D",3046,14,"IND","MAK","M",0,0,0,0,1,0,0,"Liftnet (Jaring angkat)",1,0,0,0,0,,0,0,0,0,0,0,0,1,,,2,0,,,,,"n","n","n","n",0,0,1,0,1,0,0,0,0,0,0,100,0,0,,"n","weather","pollution","iuu","corruption",39,12,"primary",,2e+06,100,10
"69",2019-07-05 03:09:44,2019-07-05 03:28:10,"D",3047,4,"IND","MAK","M",0,0,0,1,0,0,0,,0,0,0,0,1,,0,0,0,0,0,0,0,1,,,2,0,,,,,"y",,,,0,0,1,0,0,0,0,0,0,0,0,100,,,,"y","weather","pollution","iuu","corruption",43,20,"primary",,1e+06,100,0
"70",2019-07-05 03:30:32,2019-07-05 03:41:17,"D",3048,6,"IND","MAK","M",0,0,0,1,0,0,0,,0,0,1,0,0,,0,0,0,0,0,0,0,1,,,2,1,"y","n",,,,,,,0,1,1,0,0,0,0,0,0,5,0,95,0,0,"Eat on the boat","n","weather","iuu","corruption","pollution",29,10,"primary",,1500000,100,0
"71",2019-07-05 03:36:41,2019-07-05 03:49:42,"D",3049,4,"IND","MAK","M",0,0,0,0,1,0,0,"Liftnet (Jaring angkat)",1,0,0,0,0,,0,0,0,0,0,0,0,1,,,1,1,"n",,,,,,,,0,0,1,0,1,0,0,0,0,0,0,100,0,0,,"n","weather","pollution","iuu","corruption",55,40,"primary",,2e+06,100,40
"72",2019-07-05 03:50:07,2019-07-05 03:57:14,"D",3050,14,"IND","MAK","M",0,0,0,1,0,0,0,,1,0,0,0,0,,0,0,0,0,0,0,0,1,,,2,1,"y","n",,,,,,,0,0,1,0,0,0,0,0,0,,0,100,,,,"n","weather","corruption","pollution",,41,20,"primary",,2e+06,100,0
"73",2019-07-05 03:54:35,2019-07-05 04:25:06,"D",3051,4,"IND","MAK","M",0,0,0,0,0,0,1,"Jaring udang",0,0,0,0,1,"Tidak mengerti teknologi bahkan handphone",0,0,0,0,0,0,0,1,,,1,0,,,,,"n","n","n","n",0,0,1,0,0,0,0,0,0,0,0,100,0,0,,"n","weather","pollution","iuu","corruption",65,50,"primary",,1500000,100,30
"74",2019-07-05 03:59:12,2019-07-05 04:10:01,"D",3052,8,"IND","MAK","M",0,0,0,1,0,0,0,,1,0,0,0,0,,0,0,0,0,0,0,0,1,,,2,1,"n",,,,,,,,0,1,1,0,0,0,0,0,0,,,100,,,,"y","pollution","weather",,,30,15,"primary",,7e+05,100,0
"75",2019-07-05 04:07:22,2019-07-05 04:25:37,"D",3053,6,"IND","MAK","M",0,0,0,0,0,0,1,"Jaring udang",0,0,0,0,1,"Tidak menggunakan teknologi apapun sehari hari",0,0,0,0,0,0,0,1,,,2,1,"n",,,,,,,,0,0,1,0,1,0,0,0,0,0,0,100,0,0,,"n","weather","pollution","iuu","corruption",25,10,"primary",,1500000,100,25
"76",2019-07-05 04:17:58,2019-07-05 04:26:02,"D",3054,2,"IND","MAK","M",0,0,0,0,0,0,1,"Jaring udang",1,0,0,0,0,,0,0,0,0,0,0,0,1,,,1,1,"n",,,,,,,,0,1,1,1,1,0,0,0,0,,,,,,,"n","weather","pollution","iuu","corruption",20,5,"primary","Tidak menyelesaikan SD",1500000,100,20
"77",2019-07-05 04:18:45,2019-07-05 04:30:59,"D",3055,5,"IND","MAK","M",0,0,0,1,0,0,0,,0,0,0,0,1,,0,0,0,0,0,0,0,1,,,2,0,,,,,"n","n","y",,0,1,1,0,0,0,0,0,0,,0,100,,,,"y","weather","pollution","iuu",,45,20,"secondary",,6e+06,100,60
"78",2019-07-05 04:28:29,2019-07-05 04:35:53,"D",3056,15,"IND","MAK","M",0,0,0,0,0,0,1,"Jaring udang",1,0,0,0,0,,0,0,0,0,0,0,0,1,,,1,1,"n",,,,,,,,0,1,1,1,1,0,0,0,0,0,0,100,0,0,,"n","weather","pollution","iuu","corruption",36,25,"primary",,1500000,100,20
"79",2019-07-05 05:43:47,2019-07-05 05:51:58,"D",3057,16,"IND","MAK","M",0,0,0,1,0,0,0,,0,0,0,0,1,,0,0,0,0,0,0,0,1,,,2,1,"n",,,,,,,,0,0,1,0,0,0,0,0,0,5,0,95,0,0,"Eat on the boat","n","weather","pollution","iuu",,45,25,"primary",,2500000,100,0
"80",2019-07-05 05:53:02,2019-07-05 06:10:27,"D",3059,12,"IND","MAK","M",0,0,1,0,0,0,0,,0,0,0,0,1,,0,0,0,0,0,0,0,1,,,2,0,,,,,"y",,,,0,0,1,0,0,0,0,0,0,,,100,,,,"n","pollution",,,,64,50,"no_formal",,2e+06,100,50
"81",2019-07-05 05:59:05,2019-07-05 06:06:56,"D",3058,16,"IND","MAK","M",0,0,0,0,1,0,0,"Purse seine",1,0,0,0,0,,0,0,0,0,0,0,0,1,,,1,1,"y","n",,,,,,,0,0,1,1,1,0,0,0,0,0,0,100,0,0,,"n","weather","pollution","iuu","corruption",38,25,"primary",,2500000,100,30
"82",2019-07-10 04:06:52,2019-07-10 07:35:42,"D",4001,1,"IND","MNC","M",0,0,0,0,1,0,0,"Purse seine",1,0,0,0,0,,1,0,0,1,0,0,0,,,,2,0,,,,,"y",,,,0,1,1,1,1,0,0,0,0,0,0,0,0,100,"Cold storage","n","weather","pollution","corruption","iuu",47,38,"primary",,5e+06,100,15
"83",2019-07-10 06:44:54,2019-07-10 07:34:21,"D",4002,2,"IND","MNC","M",0,0,0,0,1,0,0,"Purse seine",1,0,0,0,0,,1,0,0,0,0,0,0,0,,,1,1,"n",,,,,,,,0,1,1,1,0,0,0,1,0,0,0,0,0,100,"Cold storage","n","weather","pollution","corruption","iuu",35,20,"primary",,2e+06,100,15
"84",2019-07-10 07:14:26,2019-07-10 07:33:02,"D",4003,3,"IND","MNC","M",0,0,0,0,1,0,0,"Purse seine",1,0,0,0,0,,1,0,0,0,0,0,0,0,,,2,1,"y","y","n",,,,,,0,1,1,1,0,0,0,0,1,0,0,0,0,100,"Cold storage","y","weather","pollution","corruption","iuu",36,10,"secondary","Sekolah menengah atas",8e+06,100,30
"85",2019-07-10 07:42:43,2019-07-10 07:54:35,"D",4004,4,"IND","MNC","M",0,0,0,0,1,0,0,"Purse seine",1,0,0,0,0,,1,0,0,0,0,0,0,0,,,1,1,"n",,,,,,,,0,1,1,1,1,0,0,0,0,0,0,0,0,100,"Cold storage","y","weather","pollution","iuu","corruption",27,7,"secondary","SMA",2e+06,100,20
"86",2019-07-10 07:55:12,2019-07-10 08:39:38,"D",4005,5,"IND","MNC","M",0,0,0,0,1,0,0,"Purse seine",1,0,0,0,0,,1,0,0,0,0,0,0,0,,,2,1,"y","n",,,,,,,0,1,1,1,1,0,0,0,0,0,0,0,0,100,"Cold storage","y","weather","pollution","iuu","corruption",36,11,"secondary","SMA",3e+06,100,20
"87",2019-07-10 08:09:37,2019-07-10 08:18:41,"D",4006,6,"IND","MNC","M",0,0,0,0,1,0,0,"Purse seine",1,0,0,0,0,,1,0,0,0,0,0,0,0,,,2,1,"y","n",,,,,,,0,1,1,1,1,0,0,0,0,0,0,0,0,100,"Cold storage","y","weather","pollution","iuu","corruption",40,12,"secondary","SMP",2500000,100,20
"88",2019-07-10 08:18:50,2019-07-10 08:28:01,"D",4007,7,"IND","MNC","M",0,0,0,0,1,0,0,"Purse seine",1,0,0,0,0,,1,0,0,0,0,0,0,0,,,1,1,"y","n",,,,,,,0,1,1,1,1,0,0,0,0,0,0,0,0,100,"Cold storage","y","weather","pollution","iuu","corruption",35,20,"secondary","SMP",2e+06,100,20
"89",2019-07-10 08:28:59,2019-07-10 08:37:34,"D",4008,8,"IND","MNC","M",0,0,0,0,1,0,0,"Purse seine",1,1,1,0,0,,1,0,0,0,0,0,0,0,,,2,1,"y","n",,,,,,,0,1,1,1,1,0,0,0,0,0,0,0,0,100,"Cold storage","y","weather","pollution","iuu","corruption",17,2,"secondary","SMP",2e+06,100,20
"90",2019-07-10 08:42:07,2019-07-10 08:58:41,"D",4009,9,"IND","MNC","M",0,0,0,0,1,0,0,"Purse seine",1,0,0,0,0,,1,0,0,0,0,0,0,0,,,1,1,"y","n",,,,,,,0,0,1,0,1,0,0,0,0,0,0,0,0,100,"Factory","y","weather","pollution","iuu","corruption",45,35,"primary","SD kelas 2 berhenti",3e+06,100,25
"91",2019-07-10 08:58:57,2019-07-10 09:12:33,"D",4010,10,"IND","MNC","M",0,0,0,0,1,0,0,"Purse seine",1,0,1,0,0,,1,0,0,0,0,0,0,0,,,2,1,"y","n",,,,,,,0,0,0,0,1,0,0,0,0,0,0,0,0,100,"Cold storage","y","weather","pollution","iuu","corruption",37,15,"secondary","SMP",6e+06,100,25
"92",2019-07-11 03:06:39,2019-07-11 04:21:32,"D",4011,11,"IND","MNC","M",0,0,0,1,0,0,0,"Gillnet",1,1,1,0,0,,0,0,0,0,0,1,0,0,"GPS Garmin 10",,1,1,"y","n",,,,,,,0,1,1,1,1,0,0,0,0,0,0,0,0,100,"Small collectors","y","weather","pollution","iuu","corruption",50,35,"primary",,2500000,10,25
"93",2019-07-11 03:26:40,2019-07-11 04:22:22,"D",4012,12,"IND","MNC","M",0,0,0,1,0,0,0,"Gillnet",1,1,0,0,0,,0,0,0,0,1,1,0,0,"GPS garmin 10",,1,1,"y","y","n",,,,,,0,1,1,1,1,0,0,0,0,0,0,100,0,0,,"n","weather","pollution","iuu","corruption",27,8,"vocational",,5e+06,10,30
"94",2019-07-11 03:45:20,2019-07-11 04:23:00,"D",4013,13,"IND","MNC","M",0,0,0,1,0,0,0,"Gillnet",1,1,0,0,0,,0,0,0,0,0,1,0,0,"GPS garmin 10",,2,1,"y","y","n",,,,,,0,1,1,1,1,0,0,0,0,0,0,100,0,0,,"n","weather","iuu","pollution","corruption",46,35,"primary",,2e+06,10,30
"95",2019-07-11 03:58:25,2019-07-11 04:25:28,"D",4014,14,"IND","MNC","M",0,0,0,1,0,0,0,"Gillnet",1,1,1,0,0,,0,0,0,0,1,1,0,0,"GPS garmin 10",,2,1,"y","y","n",,,,,,0,1,1,1,1,0,0,0,0,0,0,100,0,0,,"n","weather","iuu","pollution","corruption",30,10,"vocational",,5e+06,10,30
"96",2019-07-11 04:05:53,2019-07-11 04:26:48,"D",4015,15,"IND","MNC","M",0,0,0,1,0,0,0,"Gillnet",1,1,1,0,0,,0,0,0,0,1,1,0,0,"GPS garmin 1p",,1,1,"y","y","n",,,,,,0,1,1,1,1,0,0,0,0,0,0,100,0,0,,"n","weather","iuu","pollution","corruption",30,11,"vocational",,4500000,10,30
"97",2019-07-11 04:12:26,2019-07-11 04:28:28,"D",4016,16,"IND","MNC","M",0,0,0,1,0,0,0,"Gillnet",1,1,1,0,0,,0,0,0,0,1,1,0,0,"GPS garmin 10",,1,1,"y","y","n",,,,,,0,1,1,1,1,0,0,0,0,0,0,100,0,0,,"n","corruption","weather","iuu","pollution",36,20,"vocational",,4500000,10,30
"98",2019-07-11 04:45:40,2019-07-11 05:00:35,"D",4017,1,"IND","MNC","M",1,0,0,0,0,0,0,,1,0,0,0,0,,0,0,0,0,0,0,0,1,,,2,1,"n",,,,,,,,0,0,1,0,1,0,0,0,0,0,0,0,0,100,"Cold storage","n","weather","iuu","pollution","corruption",37,10,"primary",,1500000,10,20
"99",2019-07-11 05:01:20,2019-07-11 05:24:09,"D",4018,2,"IND","MNC","M",0,0,0,0,1,0,0,"Liftnet (Jaring angkat)",0,0,0,1,0,,0,0,0,0,0,0,0,1,,,1,0,,,,,"n","n","n","n",0,0,1,0,0,0,0,0,0,0,0,100,0,0,"Factory","n","weather","pollution","iuu","corruption",55,40,"primary",,1e+06,10,15
"100",2019-07-11 05:36:02,2019-07-11 05:50:47,"D",4019,3,"IND","MNC","M",1,0,0,0,0,0,0,,,,,1,0,"Radio contact",1,0,0,0,0,0,0,0,,,2,1,"y","n",,,,,,,0,0,1,1,1,0,0,0,0,0,0,0,0,100,"Factory","n","weather","pollution","iuu","corruption",50,35,"secondary","SMP",1500000,10,20
"101",2019-07-11 05:53:08,2019-07-11 06:04:25,"D",4020,5,"IND","MNC","M",1,0,0,0,0,0,0,,,,,1,0,"Handphone tanpa internet",1,0,0,0,0,0,0,0,,,2,1,"n",,,,,,,,0,0,1,1,1,0,0,0,0,0,0,100,0,0,,"n","weather","pollution","iuu","corruption",45,30,"primary",,1500000,10,25
"102",2019-07-11 06:04:38,2019-07-11 06:12:37,"D",4021,6,"IND","MNC","M",1,0,0,0,0,0,0,,0,0,0,1,0,"Handphone tanpa internet",1,0,0,0,0,0,0,0,,,1,1,"y","n",,,,,,,0,0,1,1,1,0,0,0,0,0,0,100,0,0,,"n","weather","pollution","iuu","corruption",40,20,"primary",,2e+06,10,20
"103",2019-07-11 06:13:08,2019-07-11 06:18:39,"D",4022,13,"IND","MNC","M",1,0,0,0,0,0,0,,1,0,0,0,0,,1,0,0,0,0,0,0,0,,,2,1,"n",,,,,,,,0,0,1,1,1,0,0,0,0,0,0,0,0,0,,"n","weather","pollution","iuu","corruption",41,25,"primary",,1500000,10,25
"104",2019-07-11 07:17:36,2019-07-11 07:25:26,"D",4023,15,"IND","MNC","M",1,0,0,0,0,0,0,,0,0,0,1,0,"Handphone tanpa internet",1,0,0,0,0,0,0,0,,,1,1,"n",,,,,,,,0,0,1,1,1,0,0,0,0,0,0,100,0,0,,"n","weather","pollution","iuu","corruption",42,22,"primary",,1500000,10,20
"105",2019-09-04 18:46:16,2019-09-04 19:29:09,"D",5031,15,"MEX","PSC","M",0,0,1,0,0,0,0,,1,1,0,0,0,,0,1,0,0,0,1,1,0,"Zanahoria",,1,1,"y","y","n",,,,,,1,0,0,0,0,0,0,0,0,,,100,,,,"n","corruption","pollution","iuu","weather",63,20,"no_formal",,6000,50,50
"106",2019-09-05 23:16:47,2019-09-06 00:36:14,"D",5037,7,"MEX","PSC","M",1,0,1,1,0,0,1,"Buceo",1,1,1,0,0,,1,1,0,0,0,1,1,0,"Zanahoria",,1,1,"y","y","y","n",,,,,1,0,0,0,0,1,1,0,0,,,50,,50,"Varios compradores mejor postor. Vende a misma persona","n","corruption","pollution","iuu","weather",36,19,"no_formal",,30000,100,50
"107",2019-08-30 16:23:13,2019-08-30 20:59:40,"D",5001,7,"MEX","PSC","M",0,0,0,1,1,0,1,"Buceo",1,1,1,0,0,,1,1,0,1,1,0,1,0,"SOS","Garmin",1,1,"y","y","y","y",,,,,1,0,0,0,1,0,1,0,0,0,,100,,0,"Less than 1% for own consumption","n","corruption","iuu","weather","pollution",53,30,"other","Preparatoria",1e+05,,
"108",2019-08-31 20:03:51,2019-08-31 21:59:31,"D",5006,9,"MEX","PSC","M",1,0,1,1,1,1,1,"Buceo",1,1,1,0,0,,1,1,0,0,0,1,0,0,"Zanahoria",,1,1,"y","y","y","n",,,,,1,0,0,0,1,0,1,0,0,10,,90,,,,"n","iuu","corruption","weather","pollution",58,45,"other","Prepa",9000,100,15
"109",2019-09-04 23:55:53,2019-09-05 00:25:26,"D",5016,3,"MEX","PSC","M",0,0,0,0,0,0,1,"Buceo",1,1,1,0,0,,1,0,0,0,0,1,1,0,"Traker anteriormente. Zanahoria se descarga mucho.",,1,0,,,,,"y",,,,1,0,0,0,0,1,0,0,0,,,,,100,"Comprador local que exporta a china","n","corruption","iuu","weather","pollution",34,16,"other","Prepa",45000,100,10
"110",2019-09-03 23:44:51,2019-09-04 00:08:42,"D",5020,16,"MEX","PSC","M",1,0,0,1,1,0,1,"Buceo",1,1,1,0,0,,1,0,0,0,0,1,1,0,"Zanahoria",,2,0,,,,,"y",,,,0,1,1,0,0,0,1,0,0,,,,,100,"Empresa congeladora obimar","n","pollution","iuu","corruption","weather",47,20,"other","Preparatoria",15000,100,30
"111",2019-09-04 00:16:06,2019-09-04 00:34:44,"D",5021,14,"MEX","PSC","M",1,0,1,0,1,0,1,"Buceo",1,1,1,0,0,,1,1,0,0,0,1,0,0,,,1,1,"y","y","y","y",,,,,0,0,1,1,0,0,1,0,0,0,,,,,,"n","pollution","iuu","corruption","weather",19,5,"other","Preparatoria",12000,100,50
"112",2019-09-02 15:17:51,2019-09-02 15:51:39,"D",5024,14,"MEX","PSC","M",1,0,0,1,0,0,0,,1,0,1,0,0,,1,1,0,0,0,1,1,0,"Zanahoria la pude a companero",,1,0,,,,,"n","n","n","n",1,0,1,0,0,1,0,0,0,5,,95,,,,"n","corruption","iuu","pollution","weather",43,25,"other","Prepa",7000,100,40
"113",2019-09-06 16:11:04,2019-09-06 16:54:22,"D",5038,16,"MEX","PSC","M",1,0,1,1,1,1,1,"Buceo, Churupera o red de arrastre gemelas. Chinchorro. Chango. Atarraya lomera",1,1,1,0,0,,1,1,0,0,0,1,0,0,,,2,1,"y","y","y","n",,,,,1,1,0,0,0,1,0,0,0,,,,,100,"Comprador fijo a ensenada sinaloa etc por mexico","n","iuu","corruption","pollution","weather",19,6,"other","Prepa",12000,100,30
"114",2019-09-06 17:26:44,2019-09-06 18:07:13,"D",5040,7,"MEX","PSC","M",1,0,1,1,1,0,0,,1,0,0,0,0,,1,1,0,0,0,1,1,0,"Zanahoria",,1,1,"y","y","y","y",,,,,1,1,0,0,0,1,0,0,0,,,,,100,"2-3 compradores que viven aca y lo llevan a guadalajara los cabos Tijuana ensenada","n","corruption","pollution","iuu","weather",53,34,"other","Prepa",60000,45,45
"115",2019-09-06 23:27:04,2019-09-06 23:46:57,"D",5042,5,"MEX","PSC","M",0,0,0,1,1,0,1,"Buceo",1,0,1,0,0,,1,1,0,0,0,1,0,0,,,2,1,"y","y","y","y",,,,,1,1,0,0,0,0,1,0,0,,,,,100,"Mejor postor 5 o 6","n","iuu","pollution","corruption","weather",27,7,"other","Preparatoria",33000,100,40
"116",2019-09-09 16:47:44,2019-09-09 17:29:54,"D",5045,4,"MEX","PSC","M",1,0,1,1,1,0,1,"Buceo, Chinchorro chango",1,0,1,0,0,,1,1,0,0,0,1,1,0,"Zanahoria no usa",,1,1,"y","y","y","y",,,,,0,1,1,0,1,0,0,0,0,,,,,100,"Un solo comprador local","n","pollution","iuu","corruption","weather",19,2,"other","Prepa",15000,85,
"117",2019-09-09 20:46:00,2019-09-09 21:22:20,"D",5046,10,"MEX","PSC","M",0,0,0,1,1,0,1,"Buceo",1,1,1,1,0,,1,1,0,0,0,1,0,0,,,2,1,"y","y","y","y",,,,,1,0,0,0,1,1,0,0,0,,,,,100,"Un comprador local","n","corruption","pollution","iuu","weather",20,4,"other","Prepa",20000,70,30
"118",2019-09-13 16:37:41,2019-09-13 17:00:38,"D",6001,1,"MEX","ALT","M",0,0,1,1,1,0,0,"Chango (trawl nets)",1,0,1,0,0,,0,0,0,0,0,1,1,0,"Zanahoria. Cuadrito tracker (preguntar juandiego)",,2,1,"y","y","n",,,,,,0,0,0,0,0,1,1,1,0,,,,,100,"Cooperativa entrega a faitrade","y","pollution","iuu","corruption","weather",27,13,"other","Prepa",6000,100,20
"119",2019-09-13 17:01:04,2019-09-13 17:17:20,"D",6002,3,"MEX","ALT","M",0,0,0,1,1,0,0,,1,1,1,0,0,,1,1,0,0,1,1,1,0,"Zanahoria. Pds.","PDS",2,1,"y","y","y","y",,,,,1,1,0,0,1,0,0,0,0,,,,,100,"Cooperativa vdnxe","y","pollution","iuu","corruption","weather",25,5,"other","Prepa",15000,100,50
"120",2019-09-13 18:31:37,2019-09-13 18:52:14,"D",6006,1,"MEX","ALT","M",0,0,0,0,1,0,0,,1,1,1,0,0,,0,0,0,0,1,1,1,0,"Zanahoria ya no. Pds.","PDS",2,0,,,,,"n","n","n","n",1,0,0,0,0,0,1,0,1,,,,,100,"Cooperativa","y","iuu","corruption","pollution","weather",33,10,"other","Prepa",13000,100,25
"121",2019-09-14 21:05:40,2019-09-14 21:18:42,"D",6014,5,"MEX","ALT","M",1,0,1,0,1,0,0,,1,0,1,0,0,,0,0,0,0,1,1,1,0,"Zanahoria","PDS",2,1,"y","y","y","y",,,,,0,1,1,0,0,0,0,0,1,,,,,100,"Cooperativa","y","iuu","pollution","corruption","weather",35,15,"other","Prepa",8000,50,30
"122",2019-09-14 23:46:08,2019-09-15 00:02:19,"D",6017,4,"MEX","ALT","M",0,0,1,1,1,0,0,,1,0,1,0,0,,0,0,0,0,1,0,1,0,"Zanahoria no usa","PDS",1,0,,,,,"n","n","n","n",1,0,0,0,0,0,1,0,1,,,,,100,"Cooperativa","y","iuu","corruption","weather","pollution",25,6,"other","Prepa",6000,100,20
"123",2019-09-17 23:43:25,2019-09-17 23:59:35,"D",6028,11,"MEX","ALT","M",1,0,0,1,1,0,1,"Buceo",1,1,1,0,0,,0,0,0,0,1,1,0,0,,"PDS",1,1,"y","n",,,,,,,1,0,0,0,1,0,1,0,0,,,,,100,"Coop","y","pollution","iuu","weather","corruption",44,25,"other","Prepa",10000,100,20
"124",2019-09-18 00:29:16,2019-09-18 00:44:22,"D",6030,15,"MEX","ALT","M",1,0,1,0,1,0,0,"Chango (trawl nets)",1,1,1,0,0,,0,0,0,0,0,1,1,0,"Zanahoria",,1,1,"y","n",,,,,,,1,1,0,0,0,0,0,0,1,5,,,,95,"Coop","y","iuu","corruption","pollution","weather",31,7,"other","Preparatoria",9000,100,40
"125",2019-09-18 00:47:31,2019-09-18 01:06:06,"D",6031,8,"MEX","ALT","M",1,0,0,0,1,0,0,"Chango (trawl nets)",1,0,1,0,0,,0,0,0,0,1,1,1,0,"Zanahoria usa","PDS",2,1,"y","y","n",,,,,,1,0,0,0,0,1,0,0,1,,,,,100,"Coop","y","iuu","pollution","corruption","weather",39,20,"other","Preparatoria",9000,100,40
"126",2019-09-18 01:08:09,2019-09-18 01:28:28,"D",6032,5,"MEX","ALT","M",1,0,0,1,1,0,0,,1,0,1,0,0,,0,0,0,0,1,1,1,0,"Zanahoria pa Mar abierto","PDS",2,1,"y","y","n",,,,,,1,0,0,0,0,1,1,0,0,,,,,100,"Coop","y","corruption","iuu","pollution","weather",44,23,"other","Preparatoria",9000,100,30
"127",2019-09-20 00:44:35,2019-09-20 01:25:08,"D",6038,11,"MEX","TTN","M",1,0,0,1,1,0,1,"Buceo, Surupera",1,1,1,0,0,,0,0,0,0,1,1,1,0,"Zanahoria solo mar abierto solo 1 mes del año","PDS",1,1,"y","n",,,,,,,1,0,0,0,0,1,0,0,0,,,,,100,"Coop","y","iuu","pollution","corruption","weather",45,26,"other","Prepa",15000,100,35
"128",2019-09-21 17:13:53,2019-09-21 17:43:40,"D",6039,13,"MEX","ALT","M",1,0,1,1,1,0,0,"Surupera chango chinchorro",1,1,1,0,0,,0,0,0,0,0,0,1,0,"Zanahoria no usa",,2,0,,,,,"y",,,,1,1,0,0,0,0,1,0,0,,,,,100,"Coop","y","weather","iuu","pollution","corruption",52,32,"other","Prepa",10000,100,30
"129",2019-09-21 21:04:57,2019-09-21 21:32:04,"D",6041,15,"MEX","ALT","M",1,0,0,1,1,0,0,"Chango (trawl nets)",1,0,1,0,0,,0,0,0,0,1,1,1,0,"Sonda peso y mecate","PDS",1,1,"y","n",,,,,,,0,1,0,0,0,0,1,0,1,,,,,100,"Coop","y","pollution","iuu","corruption","weather",18,2,"other","Prepa",7000,50,0
"130",2019-08-31 01:29:13,2019-08-31 14:11:04,"D",5002,6,"MEX","PSC","M",0,0,0,1,0,0,0,,1,1,0,0,0,,1,1,0,0,0,1,0,0,"Compas. Boton de emergency",,2,1,"y","y","n",,,,,,0,0,1,0,1,0,1,0,0,,,0,0,100,"Processing plant","n","iuu","pollution","corruption","weather",59,42,"primary",,150000,100,45
"131",2019-08-31 14:53:07,2019-08-31 16:49:32,"D",5004,5,"MEX","PSC","M",1,0,0,1,1,0,1,"Buceo",1,1,0,0,0,,1,1,0,0,0,1,0,1,"SOS.  Zanahoria",,2,1,"y","y","y","n",,,,,0,0,0,0,1,1,1,0,0,,,100,,,,"n","corruption","iuu","pollution","weather",57,32,"primary",,25000,100,15
"132",2019-08-31 17:02:11,2019-08-31 19:57:21,"D",5005,8,"MEX","PSC","M",0,0,1,1,0,0,0,,1,1,1,0,0,,1,1,0,0,0,1,1,0,"Zanahoria",,1,1,"y","n",,,,,,,0,0,1,0,0,0,0,0,1,20,,80,0,,,"n","corruption","iuu","pollution","weather",39,28,"primary",,15000,100,60
"133",2019-09-01 18:21:28,2019-09-01 19:17:39,"D",5007,4,"MEX","PSC","M",1,0,1,1,1,1,0,"Suripera",1,0,1,0,0,,1,1,0,0,0,1,1,0,"Zanahoria",,1,1,"y","n",,,,,,,1,0,0,0,0,0,1,0,1,,,,100,,"Botete nacional.","n","corruption","iuu","weather","pollution",65,58,"primary",,115000,90,30
"134",2019-09-01 19:50:21,2019-09-01 20:27:00,"D",5008,2,"MEX","PSC","M",1,0,1,0,0,1,0,,1,1,1,0,0,,1,1,0,0,0,1,1,0,"Zanahoria",,1,1,"y","n",,,,,,,1,1,0,0,0,0,1,0,0,,,100,,,"En playa","n","iuu","pollution","weather","corruption",64,52,"primary",,8000,100,30
"135",2019-09-02 17:02:31,2019-09-02 18:18:12,"D",5010,11,"MEX","PSC","M",1,0,0,1,1,1,0,,1,1,1,0,0,,1,1,0,0,0,1,1,0,"Zanahoria",,1,1,"y","y","y","n",,,,,1,0,0,0,1,1,0,0,0,,,100,,,"Exporta todo","n","corruption","iuu","pollution","weather",42,30,"primary",,30000,100,30
"136",2019-09-02 19:38:41,2019-09-02 21:21:25,"D",5012,13,"MEX","PSC","M",0,0,0,1,1,0,0,,1,1,0,0,0,,1,1,0,0,0,1,1,0,"Zanahoria",,1,1,"y","n",,,,,,,0,0,1,0,0,0,1,0,1,,,,100,,,"n","iuu","weather","corruption","pollution",52,15,"primary",,8000,100,50
"137",2019-09-04 17:31:42,2019-09-04 18:38:24,"D",5026,1,"MEX","PSC","M",1,0,1,0,1,0,0,,1,0,0,0,0,,1,1,0,0,0,1,1,0,"Zanahoria",,2,1,"y","y","y","y",,,,,1,0,0,1,0,0,0,0,1,,,100,,,"Mejor postor","n","pollution","corruption","iuu","weather",60,45,"primary",,30000,100,50
"138",2019-09-04 20:58:06,2019-09-04 21:20:13,"D",5028,5,"MEX","PSC","M",0,0,1,0,1,0,1,"Buceo",1,1,1,0,0,,1,1,0,0,0,1,1,0,"Zanahoria. No usa por estorbo",,2,1,"y","n",,,,,,,0,0,0,1,0,0,1,0,1,,,0,,100,"Comprador para exportacion","n","pollution","corruption","iuu","weather",43,27,"primary",,15000,60,50
"139",2019-09-04 22:00:24,2019-09-04 22:47:31,"D",5030,11,"MEX","PSC","M",1,0,1,1,1,0,1,"Buceo",1,1,1,0,0,,1,1,0,0,0,1,1,0,"Zanahoria. Dejo de cargar",,1,1,"y","y","y","y",,,,,0,0,0,0,1,0,1,0,1,,,,,100,"Venta local para exportar","n","pollution","iuu","corruption","weather",50,30,"primary",,8000,100,50
"140",2019-09-05 18:47:18,2019-09-05 19:16:34,"D",5033,12,"MEX","PSC","M",1,0,0,1,1,0,0,,1,1,1,0,0,,0,0,0,0,0,1,1,0,"Zanahoria",,1,1,"y","y","n",,,,,,1,0,0,0,0,0,0,0,0,,,,,100,"Comprador local","n","pollution","corruption","iuu","weather",45,35,"primary",,12000,100,15
"141",2019-09-05 19:20:10,2019-09-05 19:57:43,"D",5034,8,"MEX","PSC","F",0,0,0,1,1,0,0,"Chango (trawl nets)",1,0,0,0,0,,0,0,0,0,0,1,0,0,,,2,1,"y","y","n",,,,,,1,0,0,0,0,0,0,1,1,,20,,0,80,"Compradores de afuera loscabos la pax","n","corruption","pollution","iuu","weather",63,42,"primary",,10000,100,30
"142",2019-09-08 18:57:37,2019-09-08 19:22:05,"D",5044,13,"MEX","PSC","M",1,0,1,1,1,1,0,,1,1,1,0,0,,1,1,0,0,0,1,1,0,"Zanahoria",,2,0,,,,,"y",,,,1,0,1,0,1,0,0,0,0,,,,,100,"4 o 5 compran","n","pollution","iuu","corruption","weather",52,39,"primary",,15000,100,35
"143",2019-09-12 00:01:20,2019-09-12 00:58:40,"D",5047,2,"MEX","PSC","M",0,0,0,0,0,0,1,"Buceo",1,0,0,0,0,,0,0,0,0,0,1,0,0,,,1,1,"yes","yes","yes","yes",,,,,0,1,1,0,0,1,0,0,0,,,,,100,"Un solo comprador local","n","corruption","pollution","weather","iuu",59,38,"primary",,25000,100,50
"144",2019-09-13 17:17:44,2019-09-13 17:37:42,"D",6003,9,"MEX","ALT","M",0,0,0,0,1,0,0,"Chango (trawl nets)",1,1,1,0,0,,0,0,0,0,0,0,1,0,"Telefono",,1,1,"y","n",,,,,,,1,0,0,0,0,0,1,0,1,,,,,100,"Cooperativa","n","pollution","iuu","corruption","weather",41,15,"primary",,8000,100,50
"145",2019-09-13 17:38:04,2019-09-13 17:58:29,"D",6004,10,"MEX","ALT","M",0,0,0,0,1,0,0,"Chango (trawl nets)",1,0,1,0,0,,1,0,0,0,0,0,1,0,"Mecate con peso para medir lo hondo. Zanahoria ya no. Pelagic",,2,1,"n",,,,,,,,0,1,1,0,0,0,0,0,0,,,,,100,"Cooperativa. A 1 compania que exporta extranjero","y","iuu","pollution","weather","corruption",56,36,"primary",,4000,100,40
"146",2019-09-13 18:00:13,2019-09-13 18:27:42,"D",6005,12,"MEX","ALT","M",1,0,1,0,1,0,0,"Churupera chango",,,,,,,0,0,0,0,0,0,1,0,"Pesa de plomo profundidad. PDS.",,1,1,"n",,,,,,,,1,0,0,0,0,0,1,0,0,,,,,100,"Cooperativa","y","pollution","iuu","corruption","weather",56,44,"primary",,30000,100,20
"147",2019-09-13 19:05:31,2019-09-13 19:26:18,"D",6007,3,"MEX","ALT","M",0,0,0,0,1,0,0,,0,0,0,0,1,,0,0,0,0,1,0,1,0,"Zanahoria, Pds.","PDS",2,1,"n",,,,,,,,1,1,0,0,0,1,0,0,0,,,,,100,"Cooperativa","y","corruption","iuu","pollution","weather",54,35,"primary",,7000,50,20
"148",2019-09-13 20:15:54,2019-09-13 21:56:48,"D",6010,12,"MEX","ALT","M",1,0,1,1,1,0,0,"Chango (trawl nets)",1,1,1,0,0,,1,0,0,0,1,1,1,0,"Zanahoria un tiempo. Pds.","PDS",1,1,"y","y","n",,,,,,1,0,0,0,1,0,1,0,0,,,,,100,"Cooperativa. Exporta a eeuu","y","pollution","corruption","iuu","weather",50,35,"primary",,5000,100,50
"149",2019-09-13 21:56:51,2019-09-13 22:24:15,"D",6011,1,"MEX","ALT","M",0,0,0,0,1,0,0,,1,1,1,0,0,,0,0,0,0,1,1,1,0,"Pds.","PDS",2,1,"y","n",,,,,,,1,0,0,0,1,0,1,0,0,,,,,100,"Coop","y","pollution","iuu","weather","corruption",59,40,"primary",,8000,50,30
"150",2019-09-14 19:24:58,2019-09-17 18:40:00,"D",6012,6,"MEX","ALT","M",0,0,0,0,1,0,1,"Buceo, Chango (trawl nets)",0,0,0,1,0,,0,0,0,0,1,0,1,0,"Zanahoria no usa pero tiene. GPS en motor. Pds.","PDS",2,1,"y","y","y","y",,,,,1,0,0,0,0,0,1,0,1,10,,0,,90,"Cooperativa","y","pollution","iuu","corruption","weather",61,49,"primary",,10000,50,20
"151",2019-09-14 22:52:21,2019-09-14 23:34:15,"D",6016,4,"MEX","ALT","M",0,0,0,0,1,0,0,,,,,,,,0,0,0,0,1,1,1,0,"Zanahoria no usa","PDS",2,1,"n",,,,,,,,1,0,0,0,0,1,1,0,0,,,,,100,"Cooperativa","y","pollution","iuu","weather","corruption",48,34,"primary",,4000,50,60
"152",2019-09-17 16:54:00,2019-09-17 17:24:06,"D",6023,14,"MEX","ALT","M",0,0,0,0,1,0,0,"Chango (trawl nets)",1,0,0,0,0,,1,0,0,0,1,0,1,0,"Zanahoria la usa","PDS",2,1,"y","n",,,,,,,1,0,0,0,0,1,1,0,0,,,,,100,"Cooperativa","y","pollution","corruption","weather","iuu",63,47,"primary",,8000,70,30
"153",2019-09-17 17:24:53,2019-09-17 17:43:26,"D",6024,5,"MEX","ALT","M",0,0,1,1,1,0,0,,0,0,1,1,0,,0,0,0,0,1,1,1,0,"Zanahoria","PDS",2,1,"y","n",,,,,,,0,0,0,1,0,1,1,0,0,,,,,100,"Cooperativa","y","pollution","iuu","corruption","weather",58,15,"primary",,4500,50,20
"154",2019-09-20 00:21:27,2019-09-20 00:40:44,"D",6037,6,"MEX","TTN","M",1,1,0,0,1,0,0,"Surupera chango",1,0,1,0,0,,0,0,0,0,1,1,1,0,"Otro aparato que va atras","PDS",2,1,"y","n",,,,,,,1,0,0,0,1,0,0,0,1,,,,0,100,"Coop","y","pollution","iuu","corruption","weather",58,40,"primary",,8000,100,25
"155",2019-09-02 18:41:37,2019-09-02 19:30:14,"D",5011,15,"MEX","PSC","M",0,0,0,1,0,0,1,"Buceo",1,1,1,0,0,,1,1,0,0,0,1,1,0,"Zanahoria ya no sirve, caducó. Apps de clima.",,1,1,"y","y","y","n",,,,,1,1,0,0,0,0,1,0,0,,,,100,,"A gringo. Chocolata mercado nacional","n","iuu","corruption","pollution","weather",47,26,"secondary",,16000,100,30
"156",2019-09-05 01:38:20,2019-09-05 01:52:10,"D",5013,14,"MEX","PSC","M",1,0,0,1,0,0,0,,1,1,1,0,0,,1,0,0,0,0,1,1,0,"Zanagoria no puesta",,2,1,"y","y","y","y",,,,,1,0,0,0,1,0,0,0,1,,,,,100,"Varios compradores","n","corruption","pollution","weather","iuu",26,10,"secondary",,6000,100,20
"157",2019-09-05 00:28:17,2019-09-05 00:47:50,"D",5015,10,"MEX","PSC","M",1,0,1,1,1,1,1,"Buceo",0,0,0,0,1,,1,1,0,0,0,1,1,0,"Zanahoria",,2,1,"y","y","y","y",,,,,1,0,0,0,0,0,1,0,1,,,,,100,"Comprador local","n","pollution","corruption","iuu","weather",48,35,"secondary",,10000,40,20
"158",2019-09-04 22:51:31,2019-09-04 23:16:00,"D",5017,6,"MEX","PSC","M",0,0,0,1,1,0,1,"Buceo",1,0,1,0,0,,1,1,0,0,0,1,1,0,"Zanahoria",,2,1,"y","y","y","y",,,,,1,0,1,0,0,0,0,1,0,,,,,100,"Comprador","n","pollution","corruption","iuu","weather",41,30,"secondary",,30000,0,50
"159",2019-09-03 20:58:58,2019-09-03 21:33:49,"D",5018,7,"MEX","PSC","M",0,0,0,0,1,0,0,"Red Magdalena 1 chango",1,0,0,0,0,,1,1,0,0,0,1,1,0,"Zanahoria",,1,1,"y","y","y","y",,,,,0,0,1,0,1,1,0,0,0,,,100,,,,"n","corruption","pollution","iuu","weather",50,25,"secondary",,10000,100,20
"160",2019-09-03 22:35:00,2019-09-03 23:06:36,"D",5019,2,"MEX","PSC","M",0,0,0,0,1,0,1,"Buceo",1,1,1,0,0,,1,1,0,0,0,1,1,0,"Zanahoria no en uso",,1,1,"y","y","y","n",,,,,1,0,0,0,0,0,1,0,1,,,,,100,"Centro de acopio obimar u Otros compradores locales","n","corruption","pollution","iuu","weather",41,20,"secondary",,10000,100,0
"161",2019-09-03 23:06:59,2019-09-03 23:39:33,"D",5023,3,"MEX","PSC","M",1,0,1,1,1,0,1,"Buceo",1,0,0,0,0,,1,1,0,0,0,1,1,0,"Zaahoria no funciona",,2,1,"y","y","y","y",,,,,0,0,1,0,0,0,1,0,1,,,100,,,,"n","corruption","iuu","pollution","weather",48,30,"secondary",,8000,100,30
"162",2019-09-04 21:31:51,2019-09-04 21:50:10,"D",5029,9,"MEX","PSC","M",1,0,0,1,1,1,0,,1,1,1,0,0,,1,1,0,0,0,1,1,0,"Zanahoria",,1,1,"y","y","n",,,,,,1,0,0,0,0,1,0,1,0,,,,,100,"Comprafoe local q expirta","n","corruption","iuu","weather","pollution",21,6,"secondary",,20000,100,25
"163",2019-09-05 16:13:47,2019-09-05 16:36:07,"D",5032,12,"MEX","PSC","M",0,0,0,0,1,0,1,"Buceo",1,1,1,0,0,,1,1,0,0,0,1,1,0,"Luces",,1,0,,,,,"y",,,,1,0,0,0,1,0,1,0,0,,,,,60,"Comprador local exporta","n","weather","pollution","iuu","corruption",22,10,"secondary",,15000,100,25
"164",2019-09-05 19:57:46,2019-09-05 20:22:19,"D",5035,1,"MEX","PSC","M",1,0,1,1,1,1,1,"Buceo",0,0,0,0,1,,1,1,0,0,0,1,1,0,"Zanahoria no la usa",,2,1,"y","y","y","n",,,,,1,0,0,1,0,0,0,0,1,,,,0,100,"Presidente la vende","n","iuu","weather","pollution","corruption",44,23,"secondary",,27000,100,30
"165",2019-09-05 20:23:25,2019-09-05 22:38:07,"D",5036,6,"MEX","PSC","M",1,1,1,1,1,1,1,"Buceo",1,1,1,0,0,,0,0,0,0,0,1,0,0,,,2,0,,,,,"n","n","n","n",1,0,0,0,1,0,0,1,0,,,,,100,"Mejor postor","n","iuu","corruption","pollution","weather",31,15,"secondary",,15000,100,50
"166",2019-09-06 20:10:54,2019-09-06 20:40:24,"D",5041,15,"MEX","PSC","M",0,0,0,0,0,0,1,"Buceo",1,1,1,0,0,,0,0,0,0,0,1,0,0,,,1,1,"y","n",,,,,,,1,1,1,0,0,0,0,0,0,20,0,0,,80,"Cooperativas cn permiso","n","pollution","corruption","iuu","weather",30,23,"secondary",,30000,100,80
"167",2019-09-07 00:23:02,2019-09-07 00:44:23,"D",5043,13,"MEX","PSC","M",0,0,0,0,0,0,1,"Buceo",1,0,0,0,0,,0,0,0,0,0,1,0,0,,,1,1,"y","y","y","n",,,,,1,0,1,0,0,1,0,0,0,,,,,100,"4 compradores de ensenada mejor postor","n","corruption","iuu","pollution","weather",41,23,"secondary",,13000,100,20
"168",2019-09-13 19:54:02,2019-09-13 20:13:48,"D",6009,10,"MEX","ALT","M",0,0,0,0,1,0,0,,0,0,0,0,1,,0,0,0,0,1,0,1,0,"Zanahoria no instalada, Pds.","PDS",2,1,"y","y","y","n",,,,,1,0,0,0,0,0,1,0,1,,,,,100,"Cooperativa","y","iuu","corruption","pollution","weather",60,42,"secondary",,10000,100,40
"169",2019-09-14 20:45:39,2019-09-14 21:04:30,"D",6013,11,"MEX","ALT","M",0,0,0,0,1,0,0,,1,0,1,0,0,,0,0,0,0,1,1,1,0,"Zanahoria","PDS",2,0,,,,,"n","n","y",,1,0,0,1,1,0,0,0,0,,,,,100,"Coop","y","iuu","pollution","corruption","weather",31,14,"secondary",,6000,50,30
"170",2019-09-16 08:46:31,2019-09-18 12:32:24,"D",7001,13,"IND","WKB","M",0,0,0,0,1,0,0,"Pancing tonda (Trolling)",0,0,0,1,0,"HP biasa",0,0,0,0,0,0,0,1,,,1,1,"y","n",,,,,,,1,0,0,0,1,0,1,0,0,20,0,0,80,,,"y","iuu","weather","pollution","corruption",44,21,"secondary",,4e+06,10,30
"171",2019-09-16 08:44:54,2019-09-16 09:22:03,"D",7002,13,"IND","WKB","M",1,0,0,0,0,0,0,,1,0,1,0,0,,0,0,0,0,0,0,0,1,,,2,1,"y","n",,,,,,,1,0,0,0,1,0,1,0,0,,0,5,95,,,"y","iuu","weather","corruption","pollution",47,30,"secondary",,5,100,45
"172",2019-09-17 00:33:57,2019-09-18 12:31:59,"D",7003,11,"IND","WKB","M",1,0,0,0,0,0,0,,0,0,0,1,0,"Handphone biasa",0,0,0,0,0,0,0,1,,,1,1,"y","y","y","n",,,,,1,0,0,0,1,0,1,0,0,30,5,,65,,,"y","weather","iuu","pollution","corruption",47,20,"secondary",,4500000,10,30
"173",2019-09-17 00:33:28,2019-09-17 00:55:32,"D",7004,11,"IND","WKB","M",1,1,0,0,0,0,0,,0,0,0,0,1,,0,0,0,0,0,0,0,1,,,1,1,"y","y","y","n",,,,,0,0,0,0,1,0,1,1,0,10,10,80,,,,"y","iuu","weather","pollution","corruption",42,32,"secondary","some_hs",1e+06,100,45
"174",2019-09-14 22:26:28,2019-09-14 22:51:32,"D",6015,14,"MEX","ALT","M",0,0,0,0,1,0,1,"Buceo",1,1,1,0,0,,0,0,0,0,1,1,1,0,"Zanahoria no usa","PDS",2,1,"y","y","y","y",,,,,0,0,0,0,0,1,1,1,0,,,,,100,"Cooperativa","y","pollution","corruption","iuu","weather",58,41,"secondary",,13000,70,20
"175",2019-09-17 02:15:00,2019-09-18 12:32:04,"D",7005,15,"IND","WKB","M",1,0,0,0,0,0,0,"Pancing gurita",0,0,0,1,0,"Handphone biasa",0,0,0,0,0,0,0,1,,,1,1,"y","y","y","y",,,,,1,0,0,0,1,0,0,0,1,10,,0,90,,,"y","iuu","weather","pollution","corruption",47,19,"primary",,4e+06,10,15
"176",2019-09-17 01:21:49,2019-09-17 03:07:41,"FLAG",7006,9,"IND","WKB","M",,,,,,,,,,,,,,,,,,,,,,,,,1,1,,,,,,,,,,,,,,,,,,,,45,,,,"y",,,,,37,98,"primary",,,10,30
"177",2019-09-17 01:30:33,2019-09-17 01:48:04,"D",7007,9,"IND","WKB","M",1,0,0,0,0,0,0,,0,0,0,1,0,"common phone",0,0,0,0,0,0,0,1,,,1,1,"y","y","n",,,,,,0,0,0,1,1,0,0,0,1,10,,20,90,,,"y","iuu","weather","pollution","corruption",42,20,"secondary","some_hs",1500000,80,60
"178",2019-09-15 00:50:04,2019-09-15 01:09:19,"D",6018,2,"MEX","ALT","M",0,0,1,0,1,0,0,,1,1,1,0,0,,1,0,0,0,1,1,1,0,"Zanahoria","PDS",1,0,,,,,"n","n","n","n",1,0,0,0,0,0,1,0,1,,,,,100,"Cooperativa","y","iuu","weather","corruption","pollution",35,15,"secondary",,10000,50,25
"179",2019-09-17 02:05:51,2019-09-17 02:20:58,"D",7008,15,"IND","WKB","M",1,0,0,0,0,0,0,,1,0,1,0,0,,0,0,0,0,0,0,0,1,,,2,0,,,,,"y",,,,0,0,1,0,1,0,0,0,1,10,10,80,,,,"y","weather","iuu","corruption","pollution",37,22,"no_formal",,1e+06,100,50
"180",2019-09-14 20:18:01,2019-09-14 20:41:55,"D",6019,8,"MEX","ALT","M",0,0,0,0,1,0,1,"Buceo",1,1,1,0,0,,1,0,0,0,1,1,1,0,"Zanahoria.","PDS",1,1,"y","y","y","n",,,,,1,0,0,0,0,0,1,0,1,,,,,100,"Cooperativa","y","pollution","weather","iuu","corruption",58,44,"secondary",,16000,100,30
"181",2019-09-17 15:05:07,2019-09-17 15:53:50,"D",6020,4,"MEX","ALT","M",0,0,1,0,1,0,0,,1,1,1,0,0,,0,0,0,0,1,1,1,0,"Zanahoria ya no usa hace 3 anos","PDS",1,1,"y","y","n",,,,,,0,0,1,0,1,0,1,0,0,,,10,0,90,"Cooperativa. Solo un comprador","y","iuu","weather","pollution","corruption",25,7,"secondary",,5000,50,25
"182",2019-09-17 15:54:17,2019-09-17 16:19:19,"D",6021,5,"MEX","ALT","M",0,0,1,0,1,0,0,,1,1,1,0,0,,0,0,0,0,1,1,1,0,"Zanahoria la recogio la cooperativa","PDS",2,1,"y","y","n",,,,,,1,0,0,0,0,0,0,1,1,,,,,100,"Cooperativa","y","iuu","pollution","weather","corruption",17,3,"secondary",,30000,20,15
"183",2019-09-17 03:30:59,2019-09-17 03:48:10,"D",7009,8,"IND","WKB","M",1,0,0,0,0,0,0,,0,0,0,0,1,,0,0,0,0,0,0,0,1,,,2,1,"y","n",,,,,,,0,0,0,0,1,0,1,1,0,10,0,,90,,,"y","iuu","weather","pollution","corruption",35,15,"no_formal",,8,100,30
"184",2019-09-17 16:23:17,2019-09-17 16:52:52,"D",6022,8,"MEX","ALT","M",0,0,1,0,1,0,0,"Suripera",1,1,1,0,0,,0,0,0,0,1,0,1,0,"Gps telefono. Zanahoria uso primeros anos ya no","PDS",2,1,"y","n",,,,,,,1,0,0,0,0,0,1,0,1,10,10,,,80,"Cooperativa","y","pollution","iuu","corruption","weather",37,29,"secondary",,4000,75,30
"185",2019-09-17 17:45:30,2019-09-17 17:56:27,"D",6025,16,"MEX","ALT","M",0,0,1,0,1,0,0,,1,1,1,0,0,,0,1,0,0,1,1,1,0,"Zanahoria no mucho","PDS",2,1,"y","y","y","y",,,,,1,0,0,0,0,0,0,0,1,,,,,100,"Coope","y","corruption","pollution","iuu","weather",50,30,"secondary",,5000,100,30
"186",2019-09-17 08:22:28,2019-09-18 12:32:17,"D",7010,8,"IND","WKB","M",1,0,0,0,0,0,0,"Pancing umpan",0,0,0,1,0,"Hp biasa",0,0,0,0,0,1,0,0,,,2,1,"y","y","y","y",,,,,1,0,0,0,1,1,0,0,0,,,100,0,,,"y","weather","iuu","pollution","corruption",22,15,"primary",,4e+06,10,30
"187",2019-09-17 08:48:23,2019-09-18 12:32:09,"D",7011,4,"IND","WKB","M",1,0,0,0,0,0,0,,0,0,0,1,0,"Hp biasa",0,0,0,0,0,1,0,0,,,1,1,"y","y","y","y",,,,,1,0,0,0,1,1,0,0,0,15,5,,80,,,"y","iuu","weather","pollution","corruption",34,19,"primary",,5,10,30
"188",2019-09-17 17:56:57,2019-09-17 18:07:38,"D",6026,1,"MEX","ALT","M",0,0,1,1,1,0,0,,1,1,1,0,0,,0,1,0,0,1,1,1,0,"Zanahoria usa","PDS",2,1,"y","n",,,,,,,1,0,0,0,0,1,0,0,1,,,,,100,"Coope","y","pollution","iuu","weather","corruption",31,16,"secondary",,35000,50,50
"189",2019-09-17 08:23:02,2019-09-17 08:43:26,"D",7012,4,"IND","WKB","M",1,0,0,0,0,0,0,,0,1,0,1,0,,0,0,0,0,0,1,0,0,"pakai GPS",,1,1,"y","y","n",,,,,,0,0,1,0,0,0,1,0,1,,,,100,,,"y","corruption","weather","pollution","iuu",58,48,"secondary","some_hs",2e+06,100,45
"190",2019-09-17 08:47:14,2019-09-17 09:07:07,"D",7013,5,"IND","WKB","M",1,0,0,0,0,0,0,,0,0,0,0,1,,0,0,0,0,0,0,0,1,,,2,1,"n",,,,,,,,0,0,0,0,0,1,1,1,0,5,,5,90,,,"y","weather","iuu","pollution","corruption",47,28,"secondary",,7e+06,100,50
"191",2019-09-17 09:29:16,2019-09-17 09:46:54,"D",7014,14,"IND","WKB","M",0,0,0,1,0,0,0,,0,0,0,0,1,,0,0,0,0,0,0,0,1,,,2,1,"y","n",,,,,,,0,0,1,0,0,1,0,1,0,10,10,80,,,,"y","iuu","weather","pollution","corruption",41,21,"secondary",,1.2e+07,100,40
"192",2019-09-18 00:01:17,2019-09-18 00:25:01,"D",6029,9,"MEX","ALT","M",1,0,0,0,1,0,0,"Chango (trawl nets)",1,1,1,0,0,,0,1,0,0,1,1,1,0,"Zanahoria usa para afuera","PDS",1,1,"y","y","n",,,,,,1,1,1,0,0,0,0,0,0,,,,,100,"Coope","y","corruption","pollution","iuu","weather",47,30,"secondary",,60000,100,50
"193",2019-09-18 23:16:02,2019-09-18 23:51:21,"D",6033,1,"MEX","ALT","M",1,0,0,0,1,0,0,"Chango (trawl nets)",1,1,1,0,0,,0,0,0,0,1,1,1,0,"Zanahoria si usa","PDS",2,1,"n",,,,,,,,1,1,0,0,1,0,0,0,0,,,,0,100,"Cooperativa","y","corruption","weather","iuu","pollution",48,28,"secondary",,,100,50
"194",2019-09-19 01:28:58,2019-09-19 01:50:32,"D",6034,2,"MEX","ALT","M",1,0,1,1,1,1,1,"Buceo, Chinchorro lomera suripera",1,1,1,0,0,,0,0,0,0,1,1,1,0,"Zanahoria nunca mas dp de que falló","PDS",1,1,"y","y","n",,,,,,0,1,0,0,0,0,1,0,1,,,20,,80,"Cooperativa","y","pollution","iuu","corruption","weather",45,34,"secondary",,8000,100,30
"195",2019-09-19 23:54:27,2019-09-20 00:17:37,"D",6036,5,"MEX","TTN","M",1,0,0,0,1,1,0,"Chango (trawl nets)",1,1,1,0,0,,0,1,0,0,0,1,1,0,"Zanahoria cuando sale de la bahia",,2,1,"y","n",,,,,,,1,0,0,0,0,1,0,0,1,,,,,100,"Coope","y","iuu","pollution","weather","corruption",47,31,"secondary",,8000,100,40
"196",2019-09-21 17:44:59,2019-09-21 18:35:02,"D",6040,14,"MEX","ALT","M",1,0,1,1,1,0,0,"Suripera",1,1,1,0,0,,0,0,0,0,1,1,1,0,"Sonda piola.","PDS",2,1,"y","y","n",,,,,,0,0,0,0,1,0,1,0,1,5,0,5,0,90,"Cooperativa","y","pollution","corruption","iuu","weather",58,43,"secondary",,3000,40,
"197",2019-09-02 22:10:15,2019-09-02 22:53:59,"D",5003,8,"MEX","PSC","M",1,0,0,1,1,1,0,,1,1,1,0,0,,1,1,0,0,1,1,1,0,"Zanahoria. Tracker jj cota ieto","Solar",1,1,"y","n",,,,,,,1,0,0,0,1,0,1,0,0,,,,90,,"Camaron. Los otros consumo naciobal","n","iuu","corruption","pollution",,33,15,"university",,40000,100,50
"198",2019-09-01 22:56:11,2019-09-01 23:38:54,"D",5009,16,"MEX","PSC","M",1,0,1,1,1,0,0,,1,0,1,0,0,,1,1,0,0,0,1,1,0,"Zanahoria en desuso",,2,1,"y","y","y","y",,,,,1,0,0,0,0,1,0,1,0,5,0,0,5,90,"Regional. Escama","n","iuu","corruption","pollution","weather",42,22,"university",,25000,100,45
"199",2019-09-05 00:52:57,2019-09-05 01:14:26,"D",5014,2,"MEX","PSC","M",1,0,1,1,1,0,1,"Buceo",1,1,1,0,0,,1,1,0,0,0,1,1,0,"Zanahoria e-tracker. Solo cuando 20 millas al menos",,1,1,"y","y","n",,,,,,1,1,0,0,0,1,0,0,0,5,,,,95,"Comprador local mercado nacional","n","iuu","corruption","pollution","weather",30,15,"university",,7500,50,10
"200",2019-09-04 00:34:48,2019-09-04 00:54:16,"D",5025,13,"MEX","PSC","M",1,0,0,1,1,1,1,"Buceo",1,1,1,0,0,,1,1,0,0,0,1,1,0,"Zanahoria",,2,0,,,,,"n","n","n","n",1,0,0,0,1,0,1,0,0,,,,100,,,"n","corruption","iuu","pollution","weather",27,15,"university",,7000,50,20
"201",2019-09-04 19:30:01,2019-09-04 19:51:35,"D",5027,4,"MEX","PSC","M",1,0,1,0,1,0,0,,1,1,0,0,0,,0,1,0,0,0,1,1,0,"Zanahoria. No usa pq no necesita en orilla",,1,1,"y","y","y","n",,,,,1,0,0,0,1,1,0,0,0,5,5,90,,,,"y","iuu","corruption","pollution","weather",30,15,"university",,8000,100,50
"202",2019-09-06 16:56:21,2019-09-06 17:26:31,"D",5039,11,"MEX","PSC","M",1,0,1,1,1,1,0,,1,1,1,1,0,,1,1,0,0,0,1,1,0,"Zanahoria",,1,1,"y","y","y","y",,,,,0,0,0,1,0,0,1,1,0,,,,,100,"Un solo comprador","n","corruption","pollution","iuu","weather",40,22,"university",,20000,100,60
"203",2019-09-13 19:30:11,2019-09-13 19:53:31,"D",6008,9,"MEX","ALT","M",0,0,0,0,1,0,0,"Chango (trawl nets)",0,0,0,0,1,,1,0,0,0,0,1,1,0,"Zanahoria. Pesa con piola. Pds.",,1,1,"y","y","y","n",,,,,0,0,0,0,1,0,0,1,1,,,,,100,"Cooperativa","y","pollution","corruption","iuu","weather",55,38,"university",,20350,30,20
"204",2019-09-19 23:33:17,2019-09-19 23:53:11,"D",6035,3,"MEX","TTN","M",1,0,1,0,1,0,1,"Buceo, Suripera",1,1,1,0,0,,0,0,0,0,1,0,1,0,"Radio 3km.","PDS",2,1,"y","y","n",,,,,,1,0,0,0,1,0,1,0,0,,,,,100,"Coop","y","pollution","iuu","weather","corruption",54,33,"university",,12000,50,25
"205",2019-09-17 22:08:43,2019-09-17 23:43:12,"D",6027,13,"MEX","ALT","M",1,0,0,0,1,0,0,"Chango (trawl nets)",1,1,1,0,0,,0,0,0,0,1,1,1,0,"Zanahoria no se USA ya","PDS",2,1,"y","n",,,,,,,1,0,0,0,0,0,1,0,0,,,,,100,"Cooperativa","y","corruption","iuu","pollution","weather",51,31,"vocational",,7000,100,50
"206",2019-10-03 08:01:37,2019-10-03 08:14:55,"D",8001,15,"IND","JPR","M",1,1,0,0,0,0,0,,1,0,0,0,0,,0,0,0,0,0,0,0,1,,,2,1,"y","y","y","n",,,,,0,0,0,1,0,1,0,0,1,10,5,85,,,,"n","weather","iuu","pollution","corruption",51,30,"secondary",,3e+06,90,55
"207",2019-10-02 09:06:26,2019-10-02 09:27:16,"D",8002,14,"IND","JPR","M",1,0,0,0,0,0,0,,1,0,0,0,0,,0,0,0,0,0,0,0,1,,,2,1,"y","y","n",,,,,,1,0,1,0,0,1,0,1,0,10,,90,,,,"n","iuu","weather","pollution","corruption",55,35,"primary",,5e+06,70,45
"208",2019-10-02 09:59:50,2019-10-02 10:20:26,"D",8003,16,"IND","JPR","M",1,0,0,0,0,0,0,,0,0,0,0,1,,0,0,0,0,0,0,0,1,,,2,1,"y","y","y","y",,,,,0,0,0,0,1,1,0,0,1,5,5,90,,,,"n","weather","iuu","pollution","corruption",47,32,"secondary",,4e+06,80,40
"209",2019-10-03 03:06:04,2019-10-03 05:43:15,"D",8004,13,"IND","JPR","M",1,0,0,0,0,0,0,,0,0,0,0,1,,0,0,0,0,0,0,0,1,,,2,1,"y","y","y","y",,,,,1,0,0,1,1,0,0,0,0,10,10,80,,,,"y","weather","iuu","corruption","pollution",55,40,"secondary",,5e+06,60,35
"210",2019-10-03 05:43:57,2019-10-03 05:59:01,"D",8005,11,"IND","JPR","M",1,0,0,0,0,0,0,,0,0,0,0,1,,0,0,0,0,0,0,0,1,,,1,1,"y","n",,,,,,,0,0,0,0,0,0,1,1,1,10,5,85,,0,,"y","weather","pollution","corruption","iuu",66,36,"secondary",,3e+06,80,45
"211",2019-10-03 06:09:44,2019-10-03 06:21:10,"D",8006,9,"IND","JPR","M",1,0,0,0,0,0,0,,1,0,1,0,0,,0,0,0,0,0,1,0,0,,,1,1,"y","y","n",,,,,,0,0,1,0,0,1,1,0,0,10,,90,,,,"n","iuu","corruption","weather","pollution",58,40,"secondary",,2e+06,90,55
